{
    "mode": "defaultAll2All",
    "total_requests": 100,
    "results": {
        "1": {
            "avg_latency_ms": 801.8763327598572,
            "p50_latency_ms": 802.4903535842896,
            "p95_latency_ms": 821.1537480354309,
            "avg_ttfb_ms": 68.33231233630174,
            "avg_tpot_ms": 75.29049980208379,
            "num_requests": 100
        },
        "4": {
            "avg_latency_ms": 825.447564125061,
            "p50_latency_ms": 822.4557638168335,
            "p95_latency_ms": 851.2722611427307,
            "avg_ttfb_ms": 64.86582609051432,
            "avg_tpot_ms": 70.64881266266991,
            "num_requests": 100
        },
        "8": {
            "avg_latency_ms": 837.7091760436693,
            "p50_latency_ms": 840.6764268875122,
            "p95_latency_ms": 846.2358832359314,
            "avg_ttfb_ms": 71.5419264952038,
            "avg_tpot_ms": 78.55069230906035,
            "num_requests": 96
        },
        "16": {
            "avg_latency_ms": 833.8982264200846,
            "p50_latency_ms": 833.9636325836182,
            "p95_latency_ms": 847.0616221427917,
            "avg_ttfb_ms": 75.28748015717515,
            "avg_tpot_ms": 83.23980572535892,
            "num_requests": 96
        },
        "32": {
            "avg_latency_ms": 849.8440856734911,
            "p50_latency_ms": 847.800612449646,
            "p95_latency_ms": 880.8616042137146,
            "avg_ttfb_ms": 74.5250922948629,
            "avg_tpot_ms": 82.25822205589357,
            "num_requests": 96
        }
    }
}