{
    "mode": "super_naive",
    "total_requests": 100,
    "results": {
        "1": {
            "avg_latency_ms": 1502.0420813560486,
            "p50_latency_ms": 1484.6792221069336,
            "p95_latency_ms": 1589.2879962921143,
            "avg_ttfb_ms": 124.69567901989717,
            "avg_tpot_ms": 136.80250988382122,
            "num_requests": 100
        },
        "4": {
            "avg_latency_ms": 676.876950263977,
            "p50_latency_ms": 673.3889579772949,
            "p95_latency_ms": 696.4454412460327,
            "avg_ttfb_ms": 56.21791996343153,
            "avg_tpot_ms": 61.842002047631276,
            "num_requests": 100
        },
        "8": {
            "avg_latency_ms": 965.6071091691653,
            "p50_latency_ms": 960.4678153991699,
            "p95_latency_ms": 1269.1904187202454,
            "avg_ttfb_ms": 82.88423947314338,
            "avg_tpot_ms": 91.38824110773848,
            "num_requests": 96
        },
        "16": {
            "avg_latency_ms": 1544.6266134579976,
            "p50_latency_ms": 1528.268814086914,
            "p95_latency_ms": 2440.114402770996,
            "avg_ttfb_ms": 128.82783183390092,
            "avg_tpot_ms": 141.82956281496143,
            "num_requests": 96
        },
        "32": {
            "avg_latency_ms": 2821.232828001181,
            "p50_latency_ms": 2719.362258911133,
            "p95_latency_ms": 5488.921701908112,
            "avg_ttfb_ms": 243.5119924424927,
            "avg_tpot_ms": 269.6498928493401,
            "num_requests": 96
        }
    }
}