{
  "gates_logs_01": 0.9619251776721892,
  "gates_logs_02": 0.35901198285895086,
  "gates_logs_03": 0.35498814361094444,
  "gates_logs_04": 0.35292545666283415,
  "gates_logs_05": 0.3571421858529985,
  "gates_logs_06": 0.3628028542693963,
  "gates_logs_07": 0.3856980361344785,
  "gates_logs_08": 0.34891589621603897,
  "gates_logs_09": 0.4078132959541979,
  "gates_logs_10": 0.4496162190669014,
  "gates_logs_11": 0.34992752016707274,
  "gates_logs_12": 0.4107750420251028,
  "gates_logs_13": 0.32941555548454077,
  "gates_logs_14": 0.3731569646749491,
  "gates_logs_15": 0.3532147033857866,
  "gates_logs_16": 0.3601461272333062,
  "gates_logs_17": 0.36448129108668886,
  "gates_logs_18": 0.3686977584722693,
  "gates_logs_19": 0.35548378408214737,
  "gates_logs_20": 0.32144345064387864,
  "gates_logs_21": 0.34318716335870586,
  "gates_logs_22": 0.3398594088003352,
  "gates_logs_23": 0.392352484541379,
  "gates_logs_24": 0.35073336258288557,
  "gates_logs_25": 0.3302936551245351,
  "gates_logs_26": 0.3767836273175278,
  "gates_logs_27": 0.3521098789367636,
  "gates_logs_28": 0.3397288599073197,
  "gates_logs_29": 0.37203643418470556,
  "gates_logs_30": 0.37653801096143946
}