{
  "gates_logs_01": 1.7320508068760567,
  "gates_logs_02": 1.7320508068760567,
  "gates_logs_03": 1.7320508068760567,
  "gates_logs_04": 1.7320508068760567,
  "gates_logs_05": 1.7320508068760567,
  "gates_logs_06": 1.7320508068760567,
  "gates_logs_07": 1.7320508068760567,
  "gates_logs_08": 1.7320508068760567,
  "gates_logs_09": 1.7320508068760567,
  "gates_logs_10": 1.7320508068760567,
  "gates_logs_11": 1.7320508068760567,
  "gates_logs_12": 1.7320508068760567,
  "gates_logs_13": 1.7320508068760567,
  "gates_logs_14": 1.7320508068760567,
  "gates_logs_15": 1.7320508068760567,
  "gates_logs_16": 1.7320508068760567,
  "gates_logs_17": 1.7320508068760567,
  "gates_logs_18": 1.7320508068760567,
  "gates_logs_19": 1.7320508068760567,
  "gates_logs_20": 1.7320508068760567,
  "gates_logs_21": 1.7320508068760567,
  "gates_logs_22": 1.7320508068760567,
  "gates_logs_23": 1.7320508068760567,
  "gates_logs_24": 1.7320508068760567,
  "gates_logs_25": 1.7320508068760567,
  "gates_logs_26": 1.7320508068760567,
  "gates_logs_27": 1.7320508068760567,
  "gates_logs_28": 1.7320508068760567,
  "gates_logs_29": 1.7320508068760567,
  "gates_logs_30": 1.7320508068760567
}