{
  "gates_logs_01": 0.19832228172989608,
  "gates_logs_02": 0.07535938201931369,
  "gates_logs_03": 0.05788668288609459,
  "gates_logs_04": 0.05515327443185311,
  "gates_logs_05": 0.05939107969402416,
  "gates_logs_06": 0.06879543952908221,
  "gates_logs_07": 0.0504308692116667,
  "gates_logs_08": 0.04404710625505701,
  "gates_logs_09": 0.061434670585913335,
  "gates_logs_10": 0.0662703061123295,
  "gates_logs_11": 0.02511086528886456,
  "gates_logs_12": 0.05916886732996348,
  "gates_logs_13": 0.04738793432345682,
  "gates_logs_14": 0.04360790416375679,
  "gates_logs_15": 0.03410715393707406,
  "gates_logs_16": 0.0440392225748802,
  "gates_logs_17": 0.051395879779736364,
  "gates_logs_18": 0.048610466265562174,
  "gates_logs_19": 0.03835427417149358,
  "gates_logs_20": 0.045046272505796715,
  "gates_logs_21": 0.05030290194853806,
  "gates_logs_22": 0.04171143428365722,
  "gates_logs_23": 0.05000564204278256,
  "gates_logs_24": 0.037754345776345816,
  "gates_logs_25": 0.03569399364320886,
  "gates_logs_26": 0.033408119231041165,
  "gates_logs_27": 0.032663849793514,
  "gates_logs_28": 0.039908206305914365,
  "gates_logs_29": 0.030307309120260653,
  "gates_logs_30": 0.047708279221851474
}