{
  "gates_logs_01": 0.2997394702066703,
  "gates_logs_02": 0.27950849718712434,
  "gates_logs_03": 0.2651650429446239,
  "gates_logs_04": 0.4145780987939068,
  "gates_logs_05": 0.23385358667307904,
  "gates_logs_06": 0.3186887195991507,
  "gates_logs_07": 0.4238956239447994,
  "gates_logs_08": 0.34232659844030094,
  "gates_logs_09": 0.1767766952964159,
  "gates_logs_10": 0.3307189138826604,
  "gates_logs_11": 0.27243118397095156,
  "gates_logs_12": 0.34798527267644136,
  "gates_logs_13": 0.37499999999953126,
  "gates_logs_14": 0.37499999999953126,
  "gates_logs_15": 0.3697549864432638,
  "gates_logs_16": 0.21650635094583903,
  "gates_logs_17": 0.3535533905928318,
  "gates_logs_18": 0.1653594569413302,
  "gates_logs_19": 0.23385358667307904,
  "gates_logs_20": 0.27243118397095156,
  "gates_logs_21": 0.2499999999996875,
  "gates_logs_22": 0.34232659844030094,
  "gates_logs_23": 0.3186887195991507,
  "gates_logs_24": 0.1767766952964159,
  "gates_logs_25": 0.37499999999953126,
  "gates_logs_26": 0.3644344934273757,
  "gates_logs_27": 0.3644344934273757,
  "gates_logs_28": 0.25769410160078166,
  "gates_logs_29": 0.2651650429446239,
  "gates_logs_30": 0.30618621784751454
}